epoch,lr-AdamW,step,train_loss
,0.0002,0,
0,,449,14271.8505859375
0,,499,14271.8505859375
0,,549,14271.8505859375
0,,599,14271.8505859375
0,,649,14271.8505859375
